<?xml version="1.0" encoding="utf-8"?>
<cwbopendata xmlns="urn:cwb:gov:tw:cwbcommon:0.1">
  <identifier>d91659c3-453e-470e-a8cc-23d2f86572bb</identifier>
  <sender>weather@cwb.gov.tw</sender>
  <sent>2020-09-02T00:21:28+08:00</sent>
  <status>Actual</status>
  <scope>Public</scope>
  <msgType>Issue</msgType>
  <dataid>null</dataid>
  <source>MFC</source>
  <dataset>
    <datasetInfo>
      <datasetDescription>Seven Days Weather Forecast of 368 townships</datasetDescription>
      <datasetLanguage>EN</datasetLanguage>
      <issueTime>2020-09-01T23:00:00+08:00</issueTime>
      <validTime>
        <startTime>2020-09-02T00:00:00+08:00</startTime>
        <endTime>2020-09-09T23:00:00+08:00</endTime>
      </validTime>
      <update>2020-09-02T00:21:28+08:00</update>
    </datasetInfo>
    <locations>
      <locationsName>Chiayi City</locationsName>
      <location>
        <locationName>East District</locationName>
        <geocode>1002001</geocode>
        <lat>23.480384</lat>
        <lon>120.445361</lon>
        <weatherElement>
          <elementName>T</elementName>
          <description>average of temperature</description>
          <time>
            <startTime>2020-09-02T00:00:00+08:00</startTime>
            <endTime>2020-09-03T00:00:00+08:00</endTime>
            <elementValue>
              <value>28</value>
              <measures>C</measures>
            </elementValue>
          </time>
          <time>
            <startTime>2020-09-03T00:00:00+08:00</startTime>
            <endTime>2020-09-04T00:00:00+08:00</endTime>
            <elementValue>
              <value>28</value>
              <measures>C</measures>
            </elementValue>
          </time>
          <time>
            <startTime>2020-09-04T00:00:00+08:00</startTime>
            <endTime>2020-09-05T00:00:00+08:00</endTime>
            <elementValue>
              <value>28</value>
              <measures>C</measures>
            </elementValue>
          </time>
          <time>
            <startTime>2020-09-05T00:00:00+08:00</startTime>
            <endTime>2020-09-06T00:00:00+08:00</endTime>
            <elementValue>
              <value>28</value>
              <measures>C</measures>
            </elementValue>
          </time>
          <time>
            <startTime>2020-09-06T00:00:00+08:00</startTime>
            <endTime>2020-09-07T00:00:00+08:00</endTime>
            <elementValue>
              <value>28</value>
              <measures>C</measures>
            </elementValue>
          </time>
          <time>
            <startTime>2020-09-07T00:00:00+08:00</startTime>
            <endTime>2020-09-08T00:00:00+08:00</endTime>
            <elementValue>
              <value>28</value>
              <measures>C</measures>
            </elementValue>
          </time>
          <time>
            <startTime>2020-09-08T00:00:00+08:00</startTime>
            <endTime>2020-09-09T00:00:00+08:00</endTime>
            <elementValue>
              <value>28</value>
              <measures>C</measures>
            </elementValue>
          </time>
        </weatherElement>
        <weatherElement>
          <elementName>Td</elementName>
          <description>average of dew point temperature</description>
          <time>
            <startTime>2020-09-02T00:00:00+08:00</startTime>
            <endTime>2020-09-03T00:00:00+08:00</endTime>
            <elementValue>
              <value>25</value>
              <measures>C</measures>
            </elementValue>
          </time>
          <time>
            <startTime>2020-09-03T00:00:00+08:00</startTime>
            <endTime>2020-09-04T00:00:00+08:00</endTime>
            <elementValue>
              <value>25</value>
              <measures>C</measures>
            </elementValue>
          </time>
          <time>
            <startTime>2020-09-04T00:00:00+08:00</startTime>
            <endTime>2020-09-05T00:00:00+08:00</endTime>
            <elementValue>
              <value>25</value>
              <measures>C</measures>
            </elementValue>
          </time>
          <time>
            <startTime>2020-09-05T00:00:00+08:00</startTime>
            <endTime>2020-09-06T00:00:00+08:00</endTime>
            <elementValue>
              <value>25</value>
              <measures>C</measures>
            </elementValue>
          </time>
          <time>
            <startTime>2020-09-06T00:00:00+08:00</startTime>
            <endTime>2020-09-07T00:00:00+08:00</endTime>
            <elementValue>
              <value>24</value>
              <measures>C</measures>
            </elementValue>
          </time>
          <time>
            <startTime>2020-09-07T00:00:00+08:00</startTime>
            <endTime>2020-09-08T00:00:00+08:00</endTime>
            <elementValue>
              <value>25</value>
              <measures>C</measures>
            </elementValue>
          </time>
          <time>
            <startTime>2020-09-08T00:00:00+08:00</startTime>
            <endTime>2020-09-09T00:00:00+08:00</endTime>
            <elementValue>
              <value>24</value>
              <measures>C</measures>
            </elementValue>
          </time>
        </weatherElement>
        <weatherElement>
          <elementName>RH</elementName>
          <description>average of relative humidity</description>
          <time>
            <startTime>2020-09-02T00:00:00+08:00</startTime>
            <endTime>2020-09-03T00:00:00+08:00</endTime>
            <elementValue>
              <value>82</value>
              <measures>%</measures>
            </elementValue>
          </time>
          <time>
            <startTime>2020-09-03T00:00:00+08:00</startTime>
            <endTime>2020-09-04T00:00:00+08:00</endTime>
            <elementValue>
              <value>83</value>
              <measures>%</measures>
            </elementValue>
          </time>
          <time>
            <startTime>2020-09-04T00:00:00+08:00</startTime>
            <endTime>2020-09-05T00:00:00+08:00</endTime>
            <elementValue>
              <value>84</value>
              <measures>%</measures>
            </elementValue>
          </time>
          <time>
            <startTime>2020-09-05T00:00:00+08:00</startTime>
            <endTime>2020-09-06T00:00:00+08:00</endTime>
            <elementValue>
              <value>82</value>
              <measures>%</measures>
            </elementValue>
          </time>
          <time>
            <startTime>2020-09-06T00:00:00+08:00</startTime>
            <endTime>2020-09-07T00:00:00+08:00</endTime>
            <elementValue>
              <value>82</value>
              <measures>%</measures>
            </elementValue>
          </time>
          <time>
            <startTime>2020-09-07T00:00:00+08:00</startTime>
            <endTime>2020-09-08T00:00:00+08:00</endTime>
            <elementValue>
              <value>82</value>
              <measures>%</measures>
            </elementValue>
          </time>
          <time>
            <startTime>2020-09-08T00:00:00+08:00</startTime>
            <endTime>2020-09-09T00:00:00+08:00</endTime>
            <elementValue>
              <value>81</value>
              <measures>%</measures>
            </elementValue>
          </time>
        </weatherElement>
        <weatherElement>
          <elementName>MaxT</elementName>
          <description>maximum temperature</description>
          <time>
            <startTime>2020-09-02T00:00:00+08:00</startTime>
            <endTime>2020-09-03T00:00:00+08:00</endTime>
            <elementValue>
              <value>34</value>
              <measures>C</measures>
            </elementValue>
          </time>
          <time>
            <startTime>2020-09-03T00:00:00+08:00</startTime>
            <endTime>2020-09-04T00:00:00+08:00</endTime>
            <elementValue>
              <value>33</value>
              <measures>C</measures>
            </elementValue>
          </time>
          <time>
            <startTime>2020-09-04T00:00:00+08:00</startTime>
            <endTime>2020-09-05T00:00:00+08:00</endTime>
            <elementValue>
              <value>32</value>
              <measures>C</measures>
            </elementValue>
          </time>
          <time>
            <startTime>2020-09-05T00:00:00+08:00</startTime>
            <endTime>2020-09-06T00:00:00+08:00</endTime>
            <elementValue>
              <value>33</value>
              <measures>C</measures>
            </elementValue>
          </time>
          <time>
            <startTime>2020-09-06T00:00:00+08:00</startTime>
            <endTime>2020-09-07T00:00:00+08:00</endTime>
            <elementValue>
              <value>33</value>
              <measures>C</measures>
            </elementValue>
          </time>
          <time>
            <startTime>2020-09-07T00:00:00+08:00</startTime>
            <endTime>2020-09-08T00:00:00+08:00</endTime>
            <elementValue>
              <value>33</value>
              <measures>C</measures>
            </elementValue>
          </time>
          <time>
            <startTime>2020-09-08T00:00:00+08:00</startTime>
            <endTime>2020-09-09T00:00:00+08:00</endTime>
            <elementValue>
              <value>33</value>
              <measures>C</measures>
            </elementValue>
          </time>
        </weatherElement>
        <weatherElement>
          <elementName>MinT</elementName>
          <description>minimum temperature</description>
          <time>
            <startTime>2020-09-02T00:00:00+08:00</startTime>
            <endTime>2020-09-03T00:00:00+08:00</endTime>
            <elementValue>
              <value>25</value>
              <measures>C</measures>
            </elementValue>
          </time>
          <time>
            <startTime>2020-09-03T00:00:00+08:00</startTime>
            <endTime>2020-09-04T00:00:00+08:00</endTime>
            <elementValue>
              <value>25</value>
              <measures>C</measures>
            </elementValue>
          </time>
          <time>
            <startTime>2020-09-04T00:00:00+08:00</startTime>
            <endTime>2020-09-05T00:00:00+08:00</endTime>
            <elementValue>
              <value>25</value>
              <measures>C</measures>
            </elementValue>
          </time>
          <time>
            <startTime>2020-09-05T00:00:00+08:00</startTime>
            <endTime>2020-09-06T00:00:00+08:00</endTime>
            <elementValue>
              <value>25</value>
              <measures>C</measures>
            </elementValue>
          </time>
          <time>
            <startTime>2020-09-06T00:00:00+08:00</startTime>
            <endTime>2020-09-07T00:00:00+08:00</endTime>
            <elementValue>
              <value>24</value>
              <measures>C</measures>
            </elementValue>
          </time>
          <time>
            <startTime>2020-09-07T00:00:00+08:00</startTime>
            <endTime>2020-09-08T00:00:00+08:00</endTime>
            <elementValue>
              <value>24</value>
              <measures>C</measures>
            </elementValue>
          </time>
          <time>
            <startTime>2020-09-08T00:00:00+08:00</startTime>
            <endTime>2020-09-09T00:00:00+08:00</endTime>
            <elementValue>
              <value>25</value>
              <measures>C</measures>
            </elementValue>
          </time>
        </weatherElement>
        <weatherElement>
          <elementName>MaxAT</elementName>
          <description>maximum athletic temperature</description>
          <time>
            <startTime>2020-09-02T00:00:00+08:00</startTime>
            <endTime>2020-09-03T00:00:00+08:00</endTime>
            <elementValue>
              <value>38</value>
              <measures>C</measures>
            </elementValue>
          </time>
          <time>
            <startTime>2020-09-03T00:00:00+08:00</startTime>
            <endTime>2020-09-04T00:00:00+08:00</endTime>
            <elementValue>
              <value>38</value>
              <measures>C</measures>
            </elementValue>
          </time>
          <time>
            <startTime>2020-09-04T00:00:00+08:00</startTime>
            <endTime>2020-09-05T00:00:00+08:00</endTime>
            <elementValue>
              <value>38</value>
              <measures>C</measures>
            </elementValue>
          </time>
          <time>
            <startTime>2020-09-05T00:00:00+08:00</startTime>
            <endTime>2020-09-06T00:00:00+08:00</endTime>
            <elementValue>
              <value>38</value>
              <measures>C</measures>
            </elementValue>
          </time>
          <time>
            <startTime>2020-09-06T00:00:00+08:00</startTime>
            <endTime>2020-09-07T00:00:00+08:00</endTime>
            <elementValue>
              <value>38</value>
              <measures>C</measures>
            </elementValue>
          </time>
          <time>
            <startTime>2020-09-07T00:00:00+08:00</startTime>
            <endTime>2020-09-08T00:00:00+08:00</endTime>
            <elementValue>
              <value>38</value>
              <measures>C</measures>
            </elementValue>
          </time>
          <time>
            <startTime>2020-09-08T00:00:00+08:00</startTime>
            <endTime>2020-09-09T00:00:00+08:00</endTime>
            <elementValue>
              <value>38</value>
              <measures>C</measures>
            </elementValue>
          </time>
        </weatherElement>
        <weatherElement>
          <elementName>MinAT</elementName>
          <description>minimum athletic temperature</description>
          <time>
            <startTime>2020-09-02T00:00:00+08:00</startTime>
            <endTime>2020-09-03T00:00:00+08:00</endTime>
            <elementValue>
              <value>28</value>
              <measures>C</measures>
            </elementValue>
          </time>
          <time>
            <startTime>2020-09-03T00:00:00+08:00</startTime>
            <endTime>2020-09-04T00:00:00+08:00</endTime>
            <elementValue>
              <value>28</value>
              <measures>C</measures>
            </elementValue>
          </time>
          <time>
            <startTime>2020-09-04T00:00:00+08:00</startTime>
            <endTime>2020-09-05T00:00:00+08:00</endTime>
            <elementValue>
              <value>28</value>
              <measures>C</measures>
            </elementValue>
          </time>
          <time>
            <startTime>2020-09-05T00:00:00+08:00</startTime>
            <endTime>2020-09-06T00:00:00+08:00</endTime>
            <elementValue>
              <value>28</value>
              <measures>C</measures>
            </elementValue>
          </time>
          <time>
            <startTime>2020-09-06T00:00:00+08:00</startTime>
            <endTime>2020-09-07T00:00:00+08:00</endTime>
            <elementValue>
              <value>27</value>
              <measures>C</measures>
            </elementValue>
          </time>
          <time>
            <startTime>2020-09-07T00:00:00+08:00</startTime>
            <endTime>2020-09-08T00:00:00+08:00</endTime>
            <elementValue>
              <value>27</value>
              <measures>C</measures>
            </elementValue>
          </time>
          <time>
            <startTime>2020-09-08T00:00:00+08:00</startTime>
            <endTime>2020-09-09T00:00:00+08:00</endTime>
            <elementValue>
              <value>27</value>
              <measures>C</measures>
            </elementValue>
          </time>
        </weatherElement>
        <weatherElement>
          <elementName>MaxCI</elementName>
          <description>maximum comfort index</description>
          <time>
            <startTime>2020-09-02T00:00:00+08:00</startTime>
            <endTime>2020-09-03T00:00:00+08:00</endTime>
            <elementValue>
              <value>30</value>
              <measures>NA</measures>
            </elementValue>
          </time>
          <time>
            <startTime>2020-09-03T00:00:00+08:00</startTime>
            <endTime>2020-09-04T00:00:00+08:00</endTime>
            <elementValue>
              <value>30</value>
              <measures>NA</measures>
            </elementValue>
          </time>
          <time>
            <startTime>2020-09-04T00:00:00+08:00</startTime>
            <endTime>2020-09-05T00:00:00+08:00</endTime>
            <elementValue>
              <value>30</value>
              <measures>NA</measures>
            </elementValue>
          </time>
          <time>
            <startTime>2020-09-05T00:00:00+08:00</startTime>
            <endTime>2020-09-06T00:00:00+08:00</endTime>
            <elementValue>
              <value>30</value>
              <measures>NA</measures>
            </elementValue>
          </time>
          <time>
            <startTime>2020-09-06T00:00:00+08:00</startTime>
            <endTime>2020-09-07T00:00:00+08:00</endTime>
            <elementValue>
              <value>30</value>
              <measures>NA</measures>
            </elementValue>
          </time>
          <time>
            <startTime>2020-09-07T00:00:00+08:00</startTime>
            <endTime>2020-09-08T00:00:00+08:00</endTime>
            <elementValue>
              <value>30</value>
              <measures>NA</measures>
            </elementValue>
          </time>
          <time>
            <startTime>2020-09-08T00:00:00+08:00</startTime>
            <endTime>2020-09-09T00:00:00+08:00</endTime>
            <elementValue>
              <value>30</value>
              <measures>NA</measures>
            </elementValue>
          </time>
        </weatherElement>
        <weatherElement>
          <elementName>MinCI</elementName>
          <description>minimum comfort index</description>
          <time>
            <startTime>2020-09-02T00:00:00+08:00</startTime>
            <endTime>2020-09-03T00:00:00+08:00</endTime>
            <elementValue>
              <value>24</value>
              <measures>NA</measures>
            </elementValue>
          </time>
          <time>
            <startTime>2020-09-03T00:00:00+08:00</startTime>
            <endTime>2020-09-04T00:00:00+08:00</endTime>
            <elementValue>
              <value>24</value>
              <measures>NA</measures>
            </elementValue>
          </time>
          <time>
            <startTime>2020-09-04T00:00:00+08:00</startTime>
            <endTime>2020-09-05T00:00:00+08:00</endTime>
            <elementValue>
              <value>24</value>
              <measures>NA</measures>
            </elementValue>
          </time>
          <time>
            <startTime>2020-09-05T00:00:00+08:00</startTime>
            <endTime>2020-09-06T00:00:00+08:00</endTime>
            <elementValue>
              <value>24</value>
              <measures>NA</measures>
            </elementValue>
          </time>
          <time>
            <startTime>2020-09-06T00:00:00+08:00</startTime>
            <endTime>2020-09-07T00:00:00+08:00</endTime>
            <elementValue>
              <value>24</value>
              <measures>NA</measures>
            </elementValue>
          </time>
          <time>
            <startTime>2020-09-07T00:00:00+08:00</startTime>
            <endTime>2020-09-08T00:00:00+08:00</endTime>
            <elementValue>
              <value>24</value>
              <measures>NA</measures>
            </elementValue>
          </time>
          <time>
            <startTime>2020-09-08T00:00:00+08:00</startTime>
            <endTime>2020-09-09T00:00:00+08:00</endTime>
            <elementValue>
              <value>24</value>
              <measures>NA</measures>
            </elementValue>
          </time>
        </weatherElement>
        <weatherElement>
          <elementName>PoP24h</elementName>
          <description>24 hours probability of precipitation</description>
          <time>
            <startTime>2020-09-02T00:00:00+08:00</startTime>
            <endTime>2020-09-03T00:00:00+08:00</endTime>
            <elementValue>
              <value>20</value>
              <measures>%</measures>
            </elementValue>
          </time>
          <time>
            <startTime>2020-09-03T00:00:00+08:00</startTime>
            <endTime>2020-09-04T00:00:00+08:00</endTime>
            <elementValue>
              <value>50</value>
              <measures>%</measures>
            </elementValue>
          </time>
          <time>
            <startTime>2020-09-04T00:00:00+08:00</startTime>
            <endTime>2020-09-05T00:00:00+08:00</endTime>
            <elementValue>
              <value>50</value>
              <measures>%</measures>
            </elementValue>
          </time>
          <time>
            <startTime>2020-09-05T00:00:00+08:00</startTime>
            <endTime>2020-09-06T00:00:00+08:00</endTime>
            <elementValue>
              <value> </value>
              <measures>%</measures>
            </elementValue>
          </time>
          <time>
            <startTime>2020-09-06T00:00:00+08:00</startTime>
            <endTime>2020-09-07T00:00:00+08:00</endTime>
            <elementValue>
              <value> </value>
              <measures>%</measures>
            </elementValue>
          </time>
          <time>
            <startTime>2020-09-07T00:00:00+08:00</startTime>
            <endTime>2020-09-08T00:00:00+08:00</endTime>
            <elementValue>
              <value> </value>
              <measures>%</measures>
            </elementValue>
          </time>
          <time>
            <startTime>2020-09-08T00:00:00+08:00</startTime>
            <endTime>2020-09-09T00:00:00+08:00</endTime>
            <elementValue>
              <value> </value>
              <measures>%</measures>
            </elementValue>
          </time>
        </weatherElement>
        <weatherElement>
          <elementName>WD</elementName>
          <description>wind direction</description>
          <time>
            <startTime>2020-09-02T00:00:00+08:00</startTime>
            <endTime>2020-09-03T00:00:00+08:00</endTime>
            <elementValue>
              <value>S</value>
              <measures>16 directions</measures>
            </elementValue>
          </time>
          <time>
            <startTime>2020-09-03T00:00:00+08:00</startTime>
            <endTime>2020-09-04T00:00:00+08:00</endTime>
            <elementValue>
              <value>S</value>
              <measures>16 directions</measures>
            </elementValue>
          </time>
          <time>
            <startTime>2020-09-04T00:00:00+08:00</startTime>
            <endTime>2020-09-05T00:00:00+08:00</endTime>
            <elementValue>
              <value>S</value>
              <measures>16 directions</measures>
            </elementValue>
          </time>
          <time>
            <startTime>2020-09-05T00:00:00+08:00</startTime>
            <endTime>2020-09-06T00:00:00+08:00</endTime>
            <elementValue>
              <value>S</value>
              <measures>16 directions</measures>
            </elementValue>
          </time>
          <time>
            <startTime>2020-09-06T00:00:00+08:00</startTime>
            <endTime>2020-09-07T00:00:00+08:00</endTime>
            <elementValue>
              <value>SE</value>
              <measures>16 directions</measures>
            </elementValue>
          </time>
          <time>
            <startTime>2020-09-07T00:00:00+08:00</startTime>
            <endTime>2020-09-08T00:00:00+08:00</endTime>
            <elementValue>
              <value>S</value>
              <measures>16 directions</measures>
            </elementValue>
          </time>
          <time>
            <startTime>2020-09-08T00:00:00+08:00</startTime>
            <endTime>2020-09-09T00:00:00+08:00</endTime>
            <elementValue>
              <value>SE</value>
              <measures>16 directions</measures>
            </elementValue>
          </time>
        </weatherElement>
        <weatherElement>
          <elementName>WS</elementName>
          <description>maximum of wind speed</description>
          <time>
            <startTime>2020-09-02T00:00:00+08:00</startTime>
            <endTime>2020-09-03T00:00:00+08:00</endTime>
            <elementValue>
              <value>3</value>
              <measures>m/s</measures>
            </elementValue>
            <elementValue>
              <value>2</value>
              <measures>Beaufort</measures>
            </elementValue>
          </time>
          <time>
            <startTime>2020-09-03T00:00:00+08:00</startTime>
            <endTime>2020-09-04T00:00:00+08:00</endTime>
            <elementValue>
              <value>2</value>
              <measures>m/s</measures>
            </elementValue>
            <elementValue>
              <value>2</value>
              <measures>Beaufort</measures>
            </elementValue>
          </time>
          <time>
            <startTime>2020-09-04T00:00:00+08:00</startTime>
            <endTime>2020-09-05T00:00:00+08:00</endTime>
            <elementValue>
              <value>2</value>
              <measures>m/s</measures>
            </elementValue>
            <elementValue>
              <value>2</value>
              <measures>Beaufort</measures>
            </elementValue>
          </time>
          <time>
            <startTime>2020-09-05T00:00:00+08:00</startTime>
            <endTime>2020-09-06T00:00:00+08:00</endTime>
            <elementValue>
              <value>1</value>
              <measures>m/s</measures>
            </elementValue>
            <elementValue>
              <value>&lt;= 1</value>
              <measures>Beaufort</measures>
            </elementValue>
          </time>
          <time>
            <startTime>2020-09-06T00:00:00+08:00</startTime>
            <endTime>2020-09-07T00:00:00+08:00</endTime>
            <elementValue>
              <value>1</value>
              <measures>m/s</measures>
            </elementValue>
            <elementValue>
              <value>&lt;= 1</value>
              <measures>Beaufort</measures>
            </elementValue>
          </time>
          <time>
            <startTime>2020-09-07T00:00:00+08:00</startTime>
            <endTime>2020-09-08T00:00:00+08:00</endTime>
            <elementValue>
              <value>1</value>
              <measures>m/s</measures>
            </elementValue>
            <elementValue>
              <value>&lt;= 1</value>
              <measures>Beaufort</measures>
            </elementValue>
          </time>
          <time>
            <startTime>2020-09-08T00:00:00+08:00</startTime>
            <endTime>2020-09-09T00:00:00+08:00</endTime>
            <elementValue>
              <value>1</value>
              <measures>m/s</measures>
            </elementValue>
            <elementValue>
              <value>&lt;= 1</value>
              <measures>Beaufort</measures>
            </elementValue>
          </time>
        </weatherElement>
        <weatherElement>
          <elementName>Wx</elementName>
          <description>weather</description>
          <time>
            <startTime>2020-09-02T00:00:00+08:00</startTime>
            <endTime>2020-09-03T00:00:00+08:00</endTime>
            <elementValue>
              <value>Mostly clear</value>
              <measures>define Wx text by self</measures>
            </elementValue>
            <elementValue>
              <value>02</value>
              <measures>define Wx unit by self</measures>
            </elementValue>
          </time>
          <time>
            <startTime>2020-09-03T00:00:00+08:00</startTime>
            <endTime>2020-09-04T00:00:00+08:00</endTime>
            <elementValue>
              <value>Partly cloudy with occasional showers</value>
              <measures>define Wx text by self</measures>
            </elementValue>
            <elementValue>
              <value>08</value>
              <measures>define Wx unit by self</measures>
            </elementValue>
          </time>
          <time>
            <startTime>2020-09-04T00:00:00+08:00</startTime>
            <endTime>2020-09-05T00:00:00+08:00</endTime>
            <elementValue>
              <value>Partly cloudy with occasional showers</value>
              <measures>define Wx text by self</measures>
            </elementValue>
            <elementValue>
              <value>08</value>
              <measures>define Wx unit by self</measures>
            </elementValue>
          </time>
          <time>
            <startTime>2020-09-05T00:00:00+08:00</startTime>
            <endTime>2020-09-06T00:00:00+08:00</endTime>
            <elementValue>
              <value>Partly clear</value>
              <measures>define Wx text by self</measures>
            </elementValue>
            <elementValue>
              <value>03</value>
              <measures>define Wx unit by self</measures>
            </elementValue>
          </time>
          <time>
            <startTime>2020-09-06T00:00:00+08:00</startTime>
            <endTime>2020-09-07T00:00:00+08:00</endTime>
            <elementValue>
              <value>Mostly clear</value>
              <measures>define Wx text by self</measures>
            </elementValue>
            <elementValue>
              <value>02</value>
              <measures>define Wx unit by self</measures>
            </elementValue>
          </time>
          <time>
            <startTime>2020-09-07T00:00:00+08:00</startTime>
            <endTime>2020-09-08T00:00:00+08:00</endTime>
            <elementValue>
              <value>Partly cloudy with afternoon occasional thundershowers</value>
              <measures>define Wx text by self</measures>
            </elementValue>
            <elementValue>
              <value>22</value>
              <measures>define Wx unit by self</measures>
            </elementValue>
          </time>
          <time>
            <startTime>2020-09-08T00:00:00+08:00</startTime>
            <endTime>2020-09-09T00:00:00+08:00</endTime>
            <elementValue>
              <value>Clear with afternoon occasional thundershowers</value>
              <measures>define Wx text by self</measures>
            </elementValue>
            <elementValue>
              <value>21</value>
              <measures>define Wx unit by self</measures>
            </elementValue>
          </time>
        </weatherElement>
        <weatherElement>
          <elementName>UVI</elementName>
          <description>Ultraviolet index</description>
          <time>
            <startTime>2020-09-02T06:00:00+08:00</startTime>
            <endTime>2020-09-02T18:00:00+08:00</endTime>
            <elementValue>
              <value>9</value>
              <measures>UV Index</measures>
            </elementValue>
            <elementValue>
              <value>Very High</value>
              <measures>Exposure Level</measures>
            </elementValue>
          </time>
          <time>
            <startTime>2020-09-03T06:00:00+08:00</startTime>
            <endTime>2020-09-03T18:00:00+08:00</endTime>
            <elementValue>
              <value>8</value>
              <measures>UV Index</measures>
            </elementValue>
            <elementValue>
              <value>Very High</value>
              <measures>Exposure Level</measures>
            </elementValue>
          </time>
          <time>
            <startTime>2020-09-04T06:00:00+08:00</startTime>
            <endTime>2020-09-04T18:00:00+08:00</endTime>
            <elementValue>
              <value>8</value>
              <measures>UV Index</measures>
            </elementValue>
            <elementValue>
              <value>Very High</value>
              <measures>Exposure Level</measures>
            </elementValue>
          </time>
          <time>
            <startTime>2020-09-05T06:00:00+08:00</startTime>
            <endTime>2020-09-05T18:00:00+08:00</endTime>
            <elementValue>
              <value>8</value>
              <measures>UV Index</measures>
            </elementValue>
            <elementValue>
              <value>Very High</value>
              <measures>Exposure Level</measures>
            </elementValue>
          </time>
          <time>
            <startTime>2020-09-06T06:00:00+08:00</startTime>
            <endTime>2020-09-06T18:00:00+08:00</endTime>
            <elementValue>
              <value>8</value>
              <measures>UV Index</measures>
            </elementValue>
            <elementValue>
              <value>Very High</value>
              <measures>Exposure Level</measures>
            </elementValue>
          </time>
          <time>
            <startTime>2020-09-07T06:00:00+08:00</startTime>
            <endTime>2020-09-07T18:00:00+08:00</endTime>
            <elementValue>
              <value>8</value>
              <measures>UV Index</measures>
            </elementValue>
            <elementValue>
              <value>Very High</value>
              <measures>Exposure Level</measures>
            </elementValue>
          </time>
          <time>
            <startTime>2020-09-08T06:00:00+08:00</startTime>
            <endTime>2020-09-08T18:00:00+08:00</endTime>
            <elementValue>
              <value>8</value>
              <measures>UV Index</measures>
            </elementValue>
            <elementValue>
              <value>Very High</value>
              <measures>Exposure Level</measures>
            </elementValue>
          </time>
        </weatherElement>
        <weatherElement>
          <elementName>WeatherDescription</elementName>
          <description>weather description</description>
          <time>
            <startTime>2020-09-02T00:00:00+08:00</startTime>
            <endTime>2020-09-03T00:00:00+08:00</endTime>
            <elementValue>
              <value>Mostly clear. Temperature between 25 and 34 centigrade. Comfortable~Hot. S wind 3m/s. Chance of precipitation 20%.</value>
              <measures>NA</measures>
            </elementValue>
          </time>
          <time>
            <startTime>2020-09-03T00:00:00+08:00</startTime>
            <endTime>2020-09-04T00:00:00+08:00</endTime>
            <elementValue>
              <value>Partly cloudy with occasional showers. Temperature between 25 and 33 centigrade. Comfortable~Hot. S wind 2m/s. Chance of precipitation 50%.</value>
              <measures>NA</measures>
            </elementValue>
          </time>
          <time>
            <startTime>2020-09-04T00:00:00+08:00</startTime>
            <endTime>2020-09-05T00:00:00+08:00</endTime>
            <elementValue>
              <value>Partly cloudy with occasional showers. Temperature between 25 and 32 centigrade. Comfortable~Hot. S wind 2m/s. Chance of precipitation 50%.</value>
              <measures>NA</measures>
            </elementValue>
          </time>
          <time>
            <startTime>2020-09-05T00:00:00+08:00</startTime>
            <endTime>2020-09-06T00:00:00+08:00</endTime>
            <elementValue>
              <value>Partly clear. Temperature between 25 and 33 centigrade. Comfortable~Hot. S wind 1m/s. </value>
              <measures>NA</measures>
            </elementValue>
          </time>
          <time>
            <startTime>2020-09-06T00:00:00+08:00</startTime>
            <endTime>2020-09-07T00:00:00+08:00</endTime>
            <elementValue>
              <value>Mostly clear. Temperature between 24 and 33 centigrade. Comfortable~Hot. SE wind 1m/s. </value>
              <measures>NA</measures>
            </elementValue>
          </time>
          <time>
            <startTime>2020-09-07T00:00:00+08:00</startTime>
            <endTime>2020-09-08T00:00:00+08:00</endTime>
            <elementValue>
              <value>Partly cloudy with afternoon occasional thundershowers. Temperature between 24 and 33 centigrade. Comfortable~Hot. S wind 1m/s. </value>
              <measures>NA</measures>
            </elementValue>
          </time>
          <time>
            <startTime>2020-09-08T00:00:00+08:00</startTime>
            <endTime>2020-09-09T00:00:00+08:00</endTime>
            <elementValue>
              <value>Clear with afternoon occasional thundershowers. Temperature between 25 and 33 centigrade. Comfortable~Hot. SE wind 1m/s. </value>
              <measures>NA</measures>
            </elementValue>
          </time>
        </weatherElement>
      </location>
      <location>
        <locationName>West District</locationName>
        <geocode>1002002</geocode>
        <lat>23.466267</lat>
        <lon>120.427285</lon>
        <weatherElement>
          <elementName>T</elementName>
          <description>average of temperature</description>
          <time>
            <startTime>2020-09-02T00:00:00+08:00</startTime>
            <endTime>2020-09-03T00:00:00+08:00</endTime>
            <elementValue>
              <value>29</value>
              <measures>C</measures>
            </elementValue>
          </time>
          <time>
            <startTime>2020-09-03T00:00:00+08:00</startTime>
            <endTime>2020-09-04T00:00:00+08:00</endTime>
            <elementValue>
              <value>29</value>
              <measures>C</measures>
            </elementValue>
          </time>
          <time>
            <startTime>2020-09-04T00:00:00+08:00</startTime>
            <endTime>2020-09-05T00:00:00+08:00</endTime>
            <elementValue>
              <value>28</value>
              <measures>C</measures>
            </elementValue>
          </time>
          <time>
            <startTime>2020-09-05T00:00:00+08:00</startTime>
            <endTime>2020-09-06T00:00:00+08:00</endTime>
            <elementValue>
              <value>29</value>
              <measures>C</measures>
            </elementValue>
          </time>
          <time>
            <startTime>2020-09-06T00:00:00+08:00</startTime>
            <endTime>2020-09-07T00:00:00+08:00</endTime>
            <elementValue>
              <value>28</value>
              <measures>C</measures>
            </elementValue>
          </time>
          <time>
            <startTime>2020-09-07T00:00:00+08:00</startTime>
            <endTime>2020-09-08T00:00:00+08:00</endTime>
            <elementValue>
              <value>29</value>
              <measures>C</measures>
            </elementValue>
          </time>
          <time>
            <startTime>2020-09-08T00:00:00+08:00</startTime>
            <endTime>2020-09-09T00:00:00+08:00</endTime>
            <elementValue>
              <value>29</value>
              <measures>C</measures>
            </elementValue>
          </time>
        </weatherElement>
        <weatherElement>
          <elementName>Td</elementName>
          <description>average of dew point temperature</description>
          <time>
            <startTime>2020-09-02T00:00:00+08:00</startTime>
            <endTime>2020-09-03T00:00:00+08:00</endTime>
            <elementValue>
              <value>25</value>
              <measures>C</measures>
            </elementValue>
          </time>
          <time>
            <startTime>2020-09-03T00:00:00+08:00</startTime>
            <endTime>2020-09-04T00:00:00+08:00</endTime>
            <elementValue>
              <value>25</value>
              <measures>C</measures>
            </elementValue>
          </time>
          <time>
            <startTime>2020-09-04T00:00:00+08:00</startTime>
            <endTime>2020-09-05T00:00:00+08:00</endTime>
            <elementValue>
              <value>25</value>
              <measures>C</measures>
            </elementValue>
          </time>
          <time>
            <startTime>2020-09-05T00:00:00+08:00</startTime>
            <endTime>2020-09-06T00:00:00+08:00</endTime>
            <elementValue>
              <value>25</value>
              <measures>C</measures>
            </elementValue>
          </time>
          <time>
            <startTime>2020-09-06T00:00:00+08:00</startTime>
            <endTime>2020-09-07T00:00:00+08:00</endTime>
            <elementValue>
              <value>24</value>
              <measures>C</measures>
            </elementValue>
          </time>
          <time>
            <startTime>2020-09-07T00:00:00+08:00</startTime>
            <endTime>2020-09-08T00:00:00+08:00</endTime>
            <elementValue>
              <value>24</value>
              <measures>C</measures>
            </elementValue>
          </time>
          <time>
            <startTime>2020-09-08T00:00:00+08:00</startTime>
            <endTime>2020-09-09T00:00:00+08:00</endTime>
            <elementValue>
              <value>24</value>
              <measures>C</measures>
            </elementValue>
          </time>
        </weatherElement>
        <weatherElement>
          <elementName>RH</elementName>
          <description>average of relative humidity</description>
          <time>
            <startTime>2020-09-02T00:00:00+08:00</startTime>
            <endTime>2020-09-03T00:00:00+08:00</endTime>
            <elementValue>
              <value>79</value>
              <measures>%</measures>
            </elementValue>
          </time>
          <time>
            <startTime>2020-09-03T00:00:00+08:00</startTime>
            <endTime>2020-09-04T00:00:00+08:00</endTime>
            <elementValue>
              <value>79</value>
              <measures>%</measures>
            </elementValue>
          </time>
          <time>
            <startTime>2020-09-04T00:00:00+08:00</startTime>
            <endTime>2020-09-05T00:00:00+08:00</endTime>
            <elementValue>
              <value>80</value>
              <measures>%</measures>
            </elementValue>
          </time>
          <time>
            <startTime>2020-09-05T00:00:00+08:00</startTime>
            <endTime>2020-09-06T00:00:00+08:00</endTime>
            <elementValue>
              <value>80</value>
              <measures>%</measures>
            </elementValue>
          </time>
          <time>
            <startTime>2020-09-06T00:00:00+08:00</startTime>
            <endTime>2020-09-07T00:00:00+08:00</endTime>
            <elementValue>
              <value>79</value>
              <measures>%</measures>
            </elementValue>
          </time>
          <time>
            <startTime>2020-09-07T00:00:00+08:00</startTime>
            <endTime>2020-09-08T00:00:00+08:00</endTime>
            <elementValue>
              <value>79</value>
              <measures>%</measures>
            </elementValue>
          </time>
          <time>
            <startTime>2020-09-08T00:00:00+08:00</startTime>
            <endTime>2020-09-09T00:00:00+08:00</endTime>
            <elementValue>
              <value>78</value>
              <measures>%</measures>
            </elementValue>
          </time>
        </weatherElement>
        <weatherElement>
          <elementName>MaxT</elementName>
          <description>maximum temperature</description>
          <time>
            <startTime>2020-09-02T00:00:00+08:00</startTime>
            <endTime>2020-09-03T00:00:00+08:00</endTime>
            <elementValue>
              <value>34</value>
              <measures>C</measures>
            </elementValue>
          </time>
          <time>
            <startTime>2020-09-03T00:00:00+08:00</startTime>
            <endTime>2020-09-04T00:00:00+08:00</endTime>
            <elementValue>
              <value>33</value>
              <measures>C</measures>
            </elementValue>
          </time>
          <time>
            <startTime>2020-09-04T00:00:00+08:00</startTime>
            <endTime>2020-09-05T00:00:00+08:00</endTime>
            <elementValue>
              <value>33</value>
              <measures>C</measures>
            </elementValue>
          </time>
          <time>
            <startTime>2020-09-05T00:00:00+08:00</startTime>
            <endTime>2020-09-06T00:00:00+08:00</endTime>
            <elementValue>
              <value>33</value>
              <measures>C</measures>
            </elementValue>
          </time>
          <time>
            <startTime>2020-09-06T00:00:00+08:00</startTime>
            <endTime>2020-09-07T00:00:00+08:00</endTime>
            <elementValue>
              <value>33</value>
              <measures>C</measures>
            </elementValue>
          </time>
          <time>
            <startTime>2020-09-07T00:00:00+08:00</startTime>
            <endTime>2020-09-08T00:00:00+08:00</endTime>
            <elementValue>
              <value>33</value>
              <measures>C</measures>
            </elementValue>
          </time>
          <time>
            <startTime>2020-09-08T00:00:00+08:00</startTime>
            <endTime>2020-09-09T00:00:00+08:00</endTime>
            <elementValue>
              <value>33</value>
              <measures>C</measures>
            </elementValue>
          </time>
        </weatherElement>
        <weatherElement>
          <elementName>MinT</elementName>
          <description>minimum temperature</description>
          <time>
            <startTime>2020-09-02T00:00:00+08:00</startTime>
            <endTime>2020-09-03T00:00:00+08:00</endTime>
            <elementValue>
              <value>25</value>
              <measures>C</measures>
            </elementValue>
          </time>
          <time>
            <startTime>2020-09-03T00:00:00+08:00</startTime>
            <endTime>2020-09-04T00:00:00+08:00</endTime>
            <elementValue>
              <value>26</value>
              <measures>C</measures>
            </elementValue>
          </time>
          <time>
            <startTime>2020-09-04T00:00:00+08:00</startTime>
            <endTime>2020-09-05T00:00:00+08:00</endTime>
            <elementValue>
              <value>25</value>
              <measures>C</measures>
            </elementValue>
          </time>
          <time>
            <startTime>2020-09-05T00:00:00+08:00</startTime>
            <endTime>2020-09-06T00:00:00+08:00</endTime>
            <elementValue>
              <value>25</value>
              <measures>C</measures>
            </elementValue>
          </time>
          <time>
            <startTime>2020-09-06T00:00:00+08:00</startTime>
            <endTime>2020-09-07T00:00:00+08:00</endTime>
            <elementValue>
              <value>25</value>
              <measures>C</measures>
            </elementValue>
          </time>
          <time>
            <startTime>2020-09-07T00:00:00+08:00</startTime>
            <endTime>2020-09-08T00:00:00+08:00</endTime>
            <elementValue>
              <value>25</value>
              <measures>C</measures>
            </elementValue>
          </time>
          <time>
            <startTime>2020-09-08T00:00:00+08:00</startTime>
            <endTime>2020-09-09T00:00:00+08:00</endTime>
            <elementValue>
              <value>25</value>
              <measures>C</measures>
            </elementValue>
          </time>
        </weatherElement>
        <weatherElement>
          <elementName>MaxAT</elementName>
          <description>maximum athletic temperature</description>
          <time>
            <startTime>2020-09-02T00:00:00+08:00</startTime>
            <endTime>2020-09-03T00:00:00+08:00</endTime>
            <elementValue>
              <value>38</value>
              <measures>C</measures>
            </elementValue>
          </time>
          <time>
            <startTime>2020-09-03T00:00:00+08:00</startTime>
            <endTime>2020-09-04T00:00:00+08:00</endTime>
            <elementValue>
              <value>38</value>
              <measures>C</measures>
            </elementValue>
          </time>
          <time>
            <startTime>2020-09-04T00:00:00+08:00</startTime>
            <endTime>2020-09-05T00:00:00+08:00</endTime>
            <elementValue>
              <value>38</value>
              <measures>C</measures>
            </elementValue>
          </time>
          <time>
            <startTime>2020-09-05T00:00:00+08:00</startTime>
            <endTime>2020-09-06T00:00:00+08:00</endTime>
            <elementValue>
              <value>38</value>
              <measures>C</measures>
            </elementValue>
          </time>
          <time>
            <startTime>2020-09-06T00:00:00+08:00</startTime>
            <endTime>2020-09-07T00:00:00+08:00</endTime>
            <elementValue>
              <value>38</value>
              <measures>C</measures>
            </elementValue>
          </time>
          <time>
            <startTime>2020-09-07T00:00:00+08:00</startTime>
            <endTime>2020-09-08T00:00:00+08:00</endTime>
            <elementValue>
              <value>38</value>
              <measures>C</measures>
            </elementValue>
          </time>
          <time>
            <startTime>2020-09-08T00:00:00+08:00</startTime>
            <endTime>2020-09-09T00:00:00+08:00</endTime>
            <elementValue>
              <value>38</value>
              <measures>C</measures>
            </elementValue>
          </time>
        </weatherElement>
        <weatherElement>
          <elementName>MinAT</elementName>
          <description>minimum athletic temperature</description>
          <time>
            <startTime>2020-09-02T00:00:00+08:00</startTime>
            <endTime>2020-09-03T00:00:00+08:00</endTime>
            <elementValue>
              <value>28</value>
              <measures>C</measures>
            </elementValue>
          </time>
          <time>
            <startTime>2020-09-03T00:00:00+08:00</startTime>
            <endTime>2020-09-04T00:00:00+08:00</endTime>
            <elementValue>
              <value>29</value>
              <measures>C</measures>
            </elementValue>
          </time>
          <time>
            <startTime>2020-09-04T00:00:00+08:00</startTime>
            <endTime>2020-09-05T00:00:00+08:00</endTime>
            <elementValue>
              <value>28</value>
              <measures>C</measures>
            </elementValue>
          </time>
          <time>
            <startTime>2020-09-05T00:00:00+08:00</startTime>
            <endTime>2020-09-06T00:00:00+08:00</endTime>
            <elementValue>
              <value>28</value>
              <measures>C</measures>
            </elementValue>
          </time>
          <time>
            <startTime>2020-09-06T00:00:00+08:00</startTime>
            <endTime>2020-09-07T00:00:00+08:00</endTime>
            <elementValue>
              <value>27</value>
              <measures>C</measures>
            </elementValue>
          </time>
          <time>
            <startTime>2020-09-07T00:00:00+08:00</startTime>
            <endTime>2020-09-08T00:00:00+08:00</endTime>
            <elementValue>
              <value>28</value>
              <measures>C</measures>
            </elementValue>
          </time>
          <time>
            <startTime>2020-09-08T00:00:00+08:00</startTime>
            <endTime>2020-09-09T00:00:00+08:00</endTime>
            <elementValue>
              <value>28</value>
              <measures>C</measures>
            </elementValue>
          </time>
        </weatherElement>
        <weatherElement>
          <elementName>MaxCI</elementName>
          <description>maximum comfort index</description>
          <time>
            <startTime>2020-09-02T00:00:00+08:00</startTime>
            <endTime>2020-09-03T00:00:00+08:00</endTime>
            <elementValue>
              <value>30</value>
              <measures>NA</measures>
            </elementValue>
          </time>
          <time>
            <startTime>2020-09-03T00:00:00+08:00</startTime>
            <endTime>2020-09-04T00:00:00+08:00</endTime>
            <elementValue>
              <value>30</value>
              <measures>NA</measures>
            </elementValue>
          </time>
          <time>
            <startTime>2020-09-04T00:00:00+08:00</startTime>
            <endTime>2020-09-05T00:00:00+08:00</endTime>
            <elementValue>
              <value>30</value>
              <measures>NA</measures>
            </elementValue>
          </time>
          <time>
            <startTime>2020-09-05T00:00:00+08:00</startTime>
            <endTime>2020-09-06T00:00:00+08:00</endTime>
            <elementValue>
              <value>30</value>
              <measures>NA</measures>
            </elementValue>
          </time>
          <time>
            <startTime>2020-09-06T00:00:00+08:00</startTime>
            <endTime>2020-09-07T00:00:00+08:00</endTime>
            <elementValue>
              <value>30</value>
              <measures>NA</measures>
            </elementValue>
          </time>
          <time>
            <startTime>2020-09-07T00:00:00+08:00</startTime>
            <endTime>2020-09-08T00:00:00+08:00</endTime>
            <elementValue>
              <value>30</value>
              <measures>NA</measures>
            </elementValue>
          </time>
          <time>
            <startTime>2020-09-08T00:00:00+08:00</startTime>
            <endTime>2020-09-09T00:00:00+08:00</endTime>
            <elementValue>
              <value>30</value>
              <measures>NA</measures>
            </elementValue>
          </time>
        </weatherElement>
        <weatherElement>
          <elementName>MinCI</elementName>
          <description>minimum comfort index</description>
          <time>
            <startTime>2020-09-02T00:00:00+08:00</startTime>
            <endTime>2020-09-03T00:00:00+08:00</endTime>
            <elementValue>
              <value>24</value>
              <measures>NA</measures>
            </elementValue>
          </time>
          <time>
            <startTime>2020-09-03T00:00:00+08:00</startTime>
            <endTime>2020-09-04T00:00:00+08:00</endTime>
            <elementValue>
              <value>25</value>
              <measures>NA</measures>
            </elementValue>
          </time>
          <time>
            <startTime>2020-09-04T00:00:00+08:00</startTime>
            <endTime>2020-09-05T00:00:00+08:00</endTime>
            <elementValue>
              <value>24</value>
              <measures>NA</measures>
            </elementValue>
          </time>
          <time>
            <startTime>2020-09-05T00:00:00+08:00</startTime>
            <endTime>2020-09-06T00:00:00+08:00</endTime>
            <elementValue>
              <value>24</value>
              <measures>NA</measures>
            </elementValue>
          </time>
          <time>
            <startTime>2020-09-06T00:00:00+08:00</startTime>
            <endTime>2020-09-07T00:00:00+08:00</endTime>
            <elementValue>
              <value>24</value>
              <measures>NA</measures>
            </elementValue>
          </time>
          <time>
            <startTime>2020-09-07T00:00:00+08:00</startTime>
            <endTime>2020-09-08T00:00:00+08:00</endTime>
            <elementValue>
              <value>24</value>
              <measures>NA</measures>
            </elementValue>
          </time>
          <time>
            <startTime>2020-09-08T00:00:00+08:00</startTime>
            <endTime>2020-09-09T00:00:00+08:00</endTime>
            <elementValue>
              <value>24</value>
              <measures>NA</measures>
            </elementValue>
          </time>
        </weatherElement>
        <weatherElement>
          <elementName>PoP24h</elementName>
          <description>24 hours probability of precipitation</description>
          <time>
            <startTime>2020-09-02T00:00:00+08:00</startTime>
            <endTime>2020-09-03T00:00:00+08:00</endTime>
            <elementValue>
              <value>20</value>
              <measures>%</measures>
            </elementValue>
          </time>
          <time>
            <startTime>2020-09-03T00:00:00+08:00</startTime>
            <endTime>2020-09-04T00:00:00+08:00</endTime>
            <elementValue>
              <value>50</value>
              <measures>%</measures>
            </elementValue>
          </time>
          <time>
            <startTime>2020-09-04T00:00:00+08:00</startTime>
            <endTime>2020-09-05T00:00:00+08:00</endTime>
            <elementValue>
              <value>50</value>
              <measures>%</measures>
            </elementValue>
          </time>
          <time>
            <startTime>2020-09-05T00:00:00+08:00</startTime>
            <endTime>2020-09-06T00:00:00+08:00</endTime>
            <elementValue>
              <value> </value>
              <measures>%</measures>
            </elementValue>
          </time>
          <time>
            <startTime>2020-09-06T00:00:00+08:00</startTime>
            <endTime>2020-09-07T00:00:00+08:00</endTime>
            <elementValue>
              <value> </value>
              <measures>%</measures>
            </elementValue>
          </time>
          <time>
            <startTime>2020-09-07T00:00:00+08:00</startTime>
            <endTime>2020-09-08T00:00:00+08:00</endTime>
            <elementValue>
              <value> </value>
              <measures>%</measures>
            </elementValue>
          </time>
          <time>
            <startTime>2020-09-08T00:00:00+08:00</startTime>
            <endTime>2020-09-09T00:00:00+08:00</endTime>
            <elementValue>
              <value> </value>
              <measures>%</measures>
            </elementValue>
          </time>
        </weatherElement>
        <weatherElement>
          <elementName>WD</elementName>
          <description>wind direction</description>
          <time>
            <startTime>2020-09-02T00:00:00+08:00</startTime>
            <endTime>2020-09-03T00:00:00+08:00</endTime>
            <elementValue>
              <value>S</value>
              <measures>16 directions</measures>
            </elementValue>
          </time>
          <time>
            <startTime>2020-09-03T00:00:00+08:00</startTime>
            <endTime>2020-09-04T00:00:00+08:00</endTime>
            <elementValue>
              <value>S</value>
              <measures>16 directions</measures>
            </elementValue>
          </time>
          <time>
            <startTime>2020-09-04T00:00:00+08:00</startTime>
            <endTime>2020-09-05T00:00:00+08:00</endTime>
            <elementValue>
              <value>S</value>
              <measures>16 directions</measures>
            </elementValue>
          </time>
          <time>
            <startTime>2020-09-05T00:00:00+08:00</startTime>
            <endTime>2020-09-06T00:00:00+08:00</endTime>
            <elementValue>
              <value>S</value>
              <measures>16 directions</measures>
            </elementValue>
          </time>
          <time>
            <startTime>2020-09-06T00:00:00+08:00</startTime>
            <endTime>2020-09-07T00:00:00+08:00</endTime>
            <elementValue>
              <value>SE</value>
              <measures>16 directions</measures>
            </elementValue>
          </time>
          <time>
            <startTime>2020-09-07T00:00:00+08:00</startTime>
            <endTime>2020-09-08T00:00:00+08:00</endTime>
            <elementValue>
              <value>S</value>
              <measures>16 directions</measures>
            </elementValue>
          </time>
          <time>
            <startTime>2020-09-08T00:00:00+08:00</startTime>
            <endTime>2020-09-09T00:00:00+08:00</endTime>
            <elementValue>
              <value>SE</value>
              <measures>16 directions</measures>
            </elementValue>
          </time>
        </weatherElement>
        <weatherElement>
          <elementName>WS</elementName>
          <description>maximum of wind speed</description>
          <time>
            <startTime>2020-09-02T00:00:00+08:00</startTime>
            <endTime>2020-09-03T00:00:00+08:00</endTime>
            <elementValue>
              <value>3</value>
              <measures>m/s</measures>
            </elementValue>
            <elementValue>
              <value>2</value>
              <measures>Beaufort</measures>
            </elementValue>
          </time>
          <time>
            <startTime>2020-09-03T00:00:00+08:00</startTime>
            <endTime>2020-09-04T00:00:00+08:00</endTime>
            <elementValue>
              <value>2</value>
              <measures>m/s</measures>
            </elementValue>
            <elementValue>
              <value>2</value>
              <measures>Beaufort</measures>
            </elementValue>
          </time>
          <time>
            <startTime>2020-09-04T00:00:00+08:00</startTime>
            <endTime>2020-09-05T00:00:00+08:00</endTime>
            <elementValue>
              <value>2</value>
              <measures>m/s</measures>
            </elementValue>
            <elementValue>
              <value>2</value>
              <measures>Beaufort</measures>
            </elementValue>
          </time>
          <time>
            <startTime>2020-09-05T00:00:00+08:00</startTime>
            <endTime>2020-09-06T00:00:00+08:00</endTime>
            <elementValue>
              <value>2</value>
              <measures>m/s</measures>
            </elementValue>
            <elementValue>
              <value>2</value>
              <measures>Beaufort</measures>
            </elementValue>
          </time>
          <time>
            <startTime>2020-09-06T00:00:00+08:00</startTime>
            <endTime>2020-09-07T00:00:00+08:00</endTime>
            <elementValue>
              <value>2</value>
              <measures>m/s</measures>
            </elementValue>
            <elementValue>
              <value>2</value>
              <measures>Beaufort</measures>
            </elementValue>
          </time>
          <time>
            <startTime>2020-09-07T00:00:00+08:00</startTime>
            <endTime>2020-09-08T00:00:00+08:00</endTime>
            <elementValue>
              <value>2</value>
              <measures>m/s</measures>
            </elementValue>
            <elementValue>
              <value>2</value>
              <measures>Beaufort</measures>
            </elementValue>
          </time>
          <time>
            <startTime>2020-09-08T00:00:00+08:00</startTime>
            <endTime>2020-09-09T00:00:00+08:00</endTime>
            <elementValue>
              <value>2</value>
              <measures>m/s</measures>
            </elementValue>
            <elementValue>
              <value>2</value>
              <measures>Beaufort</measures>
            </elementValue>
          </time>
        </weatherElement>
        <weatherElement>
          <elementName>Wx</elementName>
          <description>weather</description>
          <time>
            <startTime>2020-09-02T00:00:00+08:00</startTime>
            <endTime>2020-09-03T00:00:00+08:00</endTime>
            <elementValue>
              <value>Mostly clear</value>
              <measures>define Wx text by self</measures>
            </elementValue>
            <elementValue>
              <value>02</value>
              <measures>define Wx unit by self</measures>
            </elementValue>
          </time>
          <time>
            <startTime>2020-09-03T00:00:00+08:00</startTime>
            <endTime>2020-09-04T00:00:00+08:00</endTime>
            <elementValue>
              <value>Partly cloudy with occasional showers</value>
              <measures>define Wx text by self</measures>
            </elementValue>
            <elementValue>
              <value>08</value>
              <measures>define Wx unit by self</measures>
            </elementValue>
          </time>
          <time>
            <startTime>2020-09-04T00:00:00+08:00</startTime>
            <endTime>2020-09-05T00:00:00+08:00</endTime>
            <elementValue>
              <value>Partly cloudy with occasional showers</value>
              <measures>define Wx text by self</measures>
            </elementValue>
            <elementValue>
              <value>08</value>
              <measures>define Wx unit by self</measures>
            </elementValue>
          </time>
          <time>
            <startTime>2020-09-05T00:00:00+08:00</startTime>
            <endTime>2020-09-06T00:00:00+08:00</endTime>
            <elementValue>
              <value>Mostly clear</value>
              <measures>define Wx text by self</measures>
            </elementValue>
            <elementValue>
              <value>02</value>
              <measures>define Wx unit by self</measures>
            </elementValue>
          </time>
          <time>
            <startTime>2020-09-06T00:00:00+08:00</startTime>
            <endTime>2020-09-07T00:00:00+08:00</endTime>
            <elementValue>
              <value>Mostly clear</value>
              <measures>define Wx text by self</measures>
            </elementValue>
            <elementValue>
              <value>02</value>
              <measures>define Wx unit by self</measures>
            </elementValue>
          </time>
          <time>
            <startTime>2020-09-07T00:00:00+08:00</startTime>
            <endTime>2020-09-08T00:00:00+08:00</endTime>
            <elementValue>
              <value>Partly cloudy with afternoon occasional thundershowers</value>
              <measures>define Wx text by self</measures>
            </elementValue>
            <elementValue>
              <value>22</value>
              <measures>define Wx unit by self</measures>
            </elementValue>
          </time>
          <time>
            <startTime>2020-09-08T00:00:00+08:00</startTime>
            <endTime>2020-09-09T00:00:00+08:00</endTime>
            <elementValue>
              <value>Clear with afternoon occasional thundershowers</value>
              <measures>define Wx text by self</measures>
            </elementValue>
            <elementValue>
              <value>21</value>
              <measures>define Wx unit by self</measures>
            </elementValue>
          </time>
        </weatherElement>
        <weatherElement>
          <elementName>UVI</elementName>
          <description>Ultraviolet index</description>
          <time>
            <startTime>2020-09-02T06:00:00+08:00</startTime>
            <endTime>2020-09-02T18:00:00+08:00</endTime>
            <elementValue>
              <value>9</value>
              <measures>UV Index</measures>
            </elementValue>
            <elementValue>
              <value>Very High</value>
              <measures>Exposure Level</measures>
            </elementValue>
          </time>
          <time>
            <startTime>2020-09-03T06:00:00+08:00</startTime>
            <endTime>2020-09-03T18:00:00+08:00</endTime>
            <elementValue>
              <value>8</value>
              <measures>UV Index</measures>
            </elementValue>
            <elementValue>
              <value>Very High</value>
              <measures>Exposure Level</measures>
            </elementValue>
          </time>
          <time>
            <startTime>2020-09-04T06:00:00+08:00</startTime>
            <endTime>2020-09-04T18:00:00+08:00</endTime>
            <elementValue>
              <value>8</value>
              <measures>UV Index</measures>
            </elementValue>
            <elementValue>
              <value>Very High</value>
              <measures>Exposure Level</measures>
            </elementValue>
          </time>
          <time>
            <startTime>2020-09-05T06:00:00+08:00</startTime>
            <endTime>2020-09-05T18:00:00+08:00</endTime>
            <elementValue>
              <value>8</value>
              <measures>UV Index</measures>
            </elementValue>
            <elementValue>
              <value>Very High</value>
              <measures>Exposure Level</measures>
            </elementValue>
          </time>
          <time>
            <startTime>2020-09-06T06:00:00+08:00</startTime>
            <endTime>2020-09-06T18:00:00+08:00</endTime>
            <elementValue>
              <value>8</value>
              <measures>UV Index</measures>
            </elementValue>
            <elementValue>
              <value>Very High</value>
              <measures>Exposure Level</measures>
            </elementValue>
          </time>
          <time>
            <startTime>2020-09-07T06:00:00+08:00</startTime>
            <endTime>2020-09-07T18:00:00+08:00</endTime>
            <elementValue>
              <value>8</value>
              <measures>UV Index</measures>
            </elementValue>
            <elementValue>
              <value>Very High</value>
              <measures>Exposure Level</measures>
            </elementValue>
          </time>
          <time>
            <startTime>2020-09-08T06:00:00+08:00</startTime>
            <endTime>2020-09-08T18:00:00+08:00</endTime>
            <elementValue>
              <value>8</value>
              <measures>UV Index</measures>
            </elementValue>
            <elementValue>
              <value>Very High</value>
              <measures>Exposure Level</measures>
            </elementValue>
          </time>
        </weatherElement>
        <weatherElement>
          <elementName>WeatherDescription</elementName>
          <description>weather description</description>
          <time>
            <startTime>2020-09-02T00:00:00+08:00</startTime>
            <endTime>2020-09-03T00:00:00+08:00</endTime>
            <elementValue>
              <value>Mostly clear. Temperature between 25 and 34 centigrade. Comfortable~Hot. S wind 3m/s. Chance of precipitation 20%.</value>
              <measures>NA</measures>
            </elementValue>
          </time>
          <time>
            <startTime>2020-09-03T00:00:00+08:00</startTime>
            <endTime>2020-09-04T00:00:00+08:00</endTime>
            <elementValue>
              <value>Partly cloudy with occasional showers. Temperature between 26 and 33 centigrade. Comfortable~Hot. S wind 2m/s. Chance of precipitation 50%.</value>
              <measures>NA</measures>
            </elementValue>
          </time>
          <time>
            <startTime>2020-09-04T00:00:00+08:00</startTime>
            <endTime>2020-09-05T00:00:00+08:00</endTime>
            <elementValue>
              <value>Partly cloudy with occasional showers. Temperature between 25 and 33 centigrade. Comfortable~Hot. S wind 2m/s. Chance of precipitation 50%.</value>
              <measures>NA</measures>
            </elementValue>
          </time>
          <time>
            <startTime>2020-09-05T00:00:00+08:00</startTime>
            <endTime>2020-09-06T00:00:00+08:00</endTime>
            <elementValue>
              <value>Mostly clear. Temperature between 25 and 33 centigrade. Comfortable~Hot. S wind 2m/s. </value>
              <measures>NA</measures>
            </elementValue>
          </time>
          <time>
            <startTime>2020-09-06T00:00:00+08:00</startTime>
            <endTime>2020-09-07T00:00:00+08:00</endTime>
            <elementValue>
              <value>Mostly clear. Temperature between 25 and 33 centigrade. Comfortable~Hot. SE wind 2m/s. </value>
              <measures>NA</measures>
            </elementValue>
          </time>
          <time>
            <startTime>2020-09-07T00:00:00+08:00</startTime>
            <endTime>2020-09-08T00:00:00+08:00</endTime>
            <elementValue>
              <value>Partly cloudy with afternoon occasional thundershowers. Temperature between 25 and 33 centigrade. Comfortable~Hot. S wind 2m/s. </value>
              <measures>NA</measures>
            </elementValue>
          </time>
          <time>
            <startTime>2020-09-08T00:00:00+08:00</startTime>
            <endTime>2020-09-09T00:00:00+08:00</endTime>
            <elementValue>
              <value>Clear with afternoon occasional thundershowers. Temperature between 25 and 33 centigrade. Comfortable~Hot. SE wind 2m/s. </value>
              <measures>NA</measures>
            </elementValue>
          </time>
        </weatherElement>
      </location>
    </locations>
  </dataset>
</cwbopendata>
